rainfall_mm,temperature_c,humidity_percent,soil_moisture,groundwater_level_m
93.64,21.15,55.7,0.69,18.8
237.68,27.21,54.82,0.79,11.02
183.0,32.84,94.38,0.35,15.61
149.66,30.45,54.97,0.65,16.02
39.0,31.71,56.32,0.61,19.48
39.0,29.2,85.56,0.82,17.33
14.52,29.77,66.98,0.87,17.18
216.54,32.44,86.6,0.16,14.05
150.28,22.24,43.92,0.69,14.0
177.02,26.32,69.25,0.19,17.94
5.15,21.76,42.02,0.59,21.02
242.48,34.79,43.76,0.38,13.38
208.11,34.05,94.39,0.4,13.8
53.08,18.67,48.35,0.43,21.26
45.46,29.99,71.95,0.65,17.53
45.85,33.73,64.67,0.42,22.68
76.06,21.07,60.84,0.74,15.62
131.19,27.66,93.99,0.47,16.22
107.99,33.56,41.31,0.2,18.52
72.81,18.58,79.83,0.78,16.05
152.96,29.86,97.8,0.38,18.81
34.87,23.05,73.61,0.5,21.56
73.04,33.71,96.21,0.7,19.65
91.59,34.51,43.14,0.42,20.52
114.02,34.05,65.13,0.2,18.92
196.29,26.06,55.61,0.45,14.36
49.92,32.65,83.85,0.91,16.22
128.56,32.36,98.88,0.66,18.16
148.1,23.42,55.39,0.69,12.95
11.61,32.09,79.25,0.66,22.23
151.89,18.63,51.89,0.31,18.72
42.63,28.14,73.92,0.48,23.57
16.26,21.91,67.84,0.75,18.82
237.22,20.05,98.32,0.23,15.73
241.41,19.31,76.51,0.37,16.75
202.1,29.84,60.97,0.37,14.51
76.15,23.78,46.85,0.5,16.88
24.42,30.32,49.07,0.93,15.24
171.06,19.11,53.52,0.2,18.55
110.04,23.36,55.06,0.56,14.42
30.51,27.17,91.04,0.29,22.23
123.79,31.44,73.67,0.93,14.86
8.6,23.42,71.4,0.24,24.18
227.33,28.64,46.89,0.47,14.19
64.69,33.06,91.61,0.74,18.48
165.63,28.47,83.37,0.71,16.01
77.93,21.96,44.06,0.49,17.65
130.02,18.41,82.47,0.43,16.29
136.68,32.79,72.61,0.47,16.27
46.21,18.36,44.9,0.36,22.42
242.4,32.87,67.5,0.31,15.78
193.78,26.99,69.08,0.54,14.98
234.87,33.96,49.95,0.36,16.16
223.71,31.58,96.74,0.38,12.82
149.47,34.96,91.0,0.68,17.87
230.47,23.96,80.14,0.92,11.87
22.12,31.04,67.74,0.63,21.71
49.0,24.83,64.71,0.21,25.26
11.31,26.16,79.06,0.21,21.69
81.33,28.67,72.73,0.91,15.1
97.17,32.85,43.74,0.39,18.55
67.84,34.73,70.75,0.22,23.32
207.18,31.06,88.38,0.63,11.66
89.19,25.1,67.55,0.65,18.63
70.23,25.16,43.12,0.67,20.15
135.67,30.54,87.18,0.36,19.23
35.23,22.06,52.08,0.16,23.82
200.55,19.88,55.52,0.92,9.11
18.64,24.03,49.88,0.35,21.38
246.72,22.88,59.81,0.69,12.62
193.06,23.04,85.41,0.72,13.88
49.68,21.97,71.16,0.64,18.95
1.38,18.72,52.29,0.4,22.05
203.87,18.3,92.67,0.37,11.79
176.71,34.79,92.77,0.63,13.04
182.25,25.27,92.23,0.84,15.1
192.82,24.53,54.33,0.91,9.33
18.51,29.55,67.07,0.23,24.14
89.62,21.71,99.1,0.27,21.82
28.97,34.15,86.32,0.91,16.42
215.78,31.37,41.63,0.74,12.3
155.82,19.52,43.91,0.86,14.3
82.72,25.1,67.84,0.31,20.47
15.89,32.95,94.55,0.62,25.35
77.75,34.06,72.32,0.71,15.4
81.3,25.95,69.87,0.69,19.08
182.4,28.43,46.33,0.48,15.05
159.39,20.84,79.41,0.16,19.53
221.8,34.85,89.33,0.62,13.6
118.05,21.94,62.83,0.35,17.46
29.9,34.03,86.54,0.51,21.77
178.31,29.04,97.87,0.92,9.2
190.2,28.33,52.23,0.47,15.96
140.32,26.72,71.4,0.82,14.6
192.74,21.92,57.23,0.3,16.94
123.45,21.0,87.57,0.69,17.2
130.68,21.75,74.66,0.93,13.96
106.89,21.17,78.07,0.23,20.15
6.35,31.25,87.87,0.16,23.73
26.97,23.95,63.76,0.5,20.08
7.86,18.98,94.91,0.22,25.62
159.1,34.47,71.98,0.75,16.52
78.59,33.02,49.48,0.88,16.1
127.14,33.77,81.75,0.5,17.69
226.89,34.91,87.6,0.36,13.46
62.32,20.96,59.01,0.5,21.33
102.6,24.74,91.43,0.73,17.3
188.89,30.89,94.37,0.16,20.64
57.2,29.83,56.61,0.62,17.91
19.24,20.62,99.01,0.64,19.57
72.44,31.87,48.44,0.66,18.76
40.31,21.82,52.12,0.34,22.7
232.42,21.8,51.05,0.72,10.7
202.03,27.13,93.64,0.22,15.18
158.35,28.08,79.26,0.31,18.92
217.87,27.86,49.13,0.85,11.94
200.92,19.56,66.42,0.74,10.64
46.64,32.92,76.92,0.16,25.53
223.14,22.52,45.01,0.35,16.17
134.84,20.2,92.94,0.32,18.25
201.86,33.11,88.22,0.37,15.77
224.02,34.25,70.31,0.35,15.8
79.5,32.66,98.03,0.2,20.56
27.51,31.76,65.07,0.52,21.4
56.98,29.14,99.05,0.74,15.06
106.78,27.36,80.08,0.64,18.33
204.5,19.48,78.08,0.69,9.95
215.18,24.94,49.96,0.21,18.18
1.74,24.34,92.92,0.91,18.36
127.69,22.42,65.65,0.82,14.13
104.35,30.3,49.73,0.79,15.05
55.53,26.43,40.76,0.81,17.2
29.97,19.38,73.59,0.9,19.73
84.4,21.74,71.64,0.59,14.3
235.73,29.62,83.16,0.31,16.49
80.8,19.29,93.42,0.64,18.09
129.7,32.47,44.76,0.74,13.67
175.75,26.42,83.89,0.74,11.76
90.91,26.17,51.24,0.57,20.65
242.95,28.07,91.49,0.2,13.63
240.61,32.02,89.14,0.45,11.67
62.95,23.91,72.45,0.89,18.29
124.31,29.53,82.61,0.62,17.07
75.22,27.62,58.86,0.58,17.32
71.21,22.54,68.27,0.37,20.68
9.22,32.94,89.3,0.44,21.18
152.39,31.56,67.56,0.87,15.2
125.67,29.19,61.47,0.68,17.56
12.87,32.46,69.65,0.78,20.67
69.66,32.74,89.69,0.51,20.29
227.07,30.04,60.11,0.65,14.83
59.89,32.23,50.43,0.35,21.43
36.22,29.86,82.72,0.71,17.56
122.36,29.56,89.56,0.49,18.32
246.41,28.52,46.04,0.5,15.67
60.51,30.8,54.39,0.67,17.24
168.03,20.7,48.52,0.9,11.58
190.4,32.97,60.88,0.2,18.05
59.41,32.82,67.02,0.81,17.71
182.05,18.5,84.93,0.38,14.1
91.95,32.04,79.07,0.51,20.57
158.08,20.19,77.26,0.17,21.83
158.38,23.7,61.14,0.39,17.02
133.94,30.64,90.49,0.55,15.4
22.57,20.73,68.28,0.19,21.25
208.83,31.91,98.75,0.54,14.29
80.2,32.15,78.05,0.89,17.92
46.63,26.63,47.58,0.23,23.3
10.19,18.11,80.57,0.76,19.4
147.72,22.88,59.51,0.48,15.53
169.39,28.49,81.18,0.67,12.62
4.15,34.68,44.18,0.36,24.95
128.02,28.74,50.49,0.28,20.47
56.62,22.42,91.34,0.28,19.31
161.29,28.78,53.63,0.21,20.72
43.59,27.18,90.22,0.3,23.09
172.73,31.26,56.76,0.68,16.3
96.68,19.82,78.57,0.86,13.27
234.18,30.94,81.65,0.8,8.72
34.38,27.2,70.76,0.7,19.18
85.27,34.37,58.32,0.24,22.16
28.37,23.81,52.76,0.38,24.7
231.17,28.75,41.99,0.4,15.07
219.33,33.84,58.24,0.35,14.76
64.49,19.74,79.19,0.56,17.37
165.0,33.93,96.3,0.58,17.31
204.31,29.69,92.27,0.44,13.38
138.8,19.15,85.96,0.43,19.38
132.41,23.12,87.31,0.81,13.93
60.46,30.04,79.9,0.78,20.22
23.28,19.14,55.62,0.4,22.87
224.3,27.9,94.43,0.88,10.17
225.1,23.88,80.24,0.91,9.11
158.28,28.56,73.63,0.41,16.29
84.76,18.78,46.66,0.43,19.72
87.3,32.82,66.82,0.55,18.83
181.49,34.55,67.62,0.9,11.35
224.28,34.47,91.87,0.85,10.7
221.77,30.74,72.8,0.23,15.93
194.97,20.21,62.82,0.46,11.31
160.51,30.89,98.61,0.59,16.07
21.03,18.42,46.64,0.55,19.19
40.41,18.38,65.35,0.31,20.13
224.64,23.5,42.52,0.84,7.96
151.61,26.31,84.39,0.69,12.03
2.3,31.1,95.08,0.82,17.87
25.37,29.62,56.8,0.84,17.71
165.88,25.58,91.5,0.75,16.58
1.27,22.65,57.53,0.5,21.28
40.2,34.95,94.65,0.64,20.3
137.18,25.25,85.24,0.28,19.15
172.97,25.67,88.29,0.69,14.05
162.99,20.78,41.08,0.29,17.06
56.07,31.51,97.77,0.71,16.9
178.04,29.79,83.6,0.33,18.87
59.31,21.75,58.29,0.24,24.47
81.35,19.4,89.76,0.28,17.93
186.62,29.57,56.89,0.15,16.26
162.41,29.13,92.37,0.72,13.74
212.31,22.65,46.75,0.74,10.31
164.4,34.16,82.22,0.56,16.4
142.08,20.57,72.44,0.28,17.02
23.42,25.35,45.79,0.22,26.84
91.93,34.04,54.51,0.17,23.49
66.3,25.14,40.74,0.28,21.66
61.0,28.85,68.13,0.86,18.64
243.25,24.76,58.08,0.34,15.42
98.27,22.66,75.9,0.43,17.89
223.01,34.73,57.83,0.23,14.72
157.78,24.96,58.0,0.33,17.43
198.7,33.2,84.59,0.57,15.48
125.66,21.91,42.89,0.64,16.19
144.23,21.62,94.17,0.35,15.18
123.13,18.53,91.14,0.2,18.23
48.81,29.08,80.07,0.46,20.69
180.61,24.26,75.59,0.34,16.18
70.19,32.69,93.54,0.33,24.18
6.08,26.04,51.12,0.92,16.64
161.37,34.46,44.74,0.64,15.88
44.28,21.15,54.37,0.6,21.76
235.11,32.77,87.67,0.48,16.78
238.48,31.2,42.08,0.49,12.47
228.72,31.11,74.97,0.58,13.48
92.54,32.36,99.73,0.71,18.11
3.86,30.94,91.34,0.71,20.99
232.08,28.65,71.29,0.29,14.7
107.05,20.23,43.82,0.55,17.98
241.66,18.55,89.88,0.48,8.63
240.9,33.65,75.94,0.85,11.3
213.25,28.48,46.9,0.66,12.84
73.61,31.54,45.63,0.58,18.69
96.27,26.19,94.58,0.24,23.59
212.78,19.99,80.15,0.63,11.4
79.23,20.13,89.76,0.24,20.28
42.37,29.65,92.74,0.42,24.42
139.2,25.32,74.31,0.26,17.34
234.04,21.41,71.05,0.7,10.25
174.01,26.36,65.83,0.32,16.62
142.52,19.09,59.02,0.46,17.81
24.29,27.89,66.08,0.87,18.8
153.75,22.57,86.43,0.31,15.53
247.51,31.56,76.12,0.56,11.43
35.02,23.28,93.55,0.49,19.97
129.58,25.74,66.6,0.16,19.67
219.34,18.2,76.43,0.78,11.5
185.19,19.23,77.88,0.21,17.54
174.25,24.67,75.5,0.53,12.36
175.62,26.16,82.16,0.6,16.09
89.87,28.2,54.25,0.65,17.97
73.4,22.96,70.74,0.7,19.68
202.34,29.81,46.25,0.35,16.24
202.53,32.62,63.07,0.16,18.92
216.77,31.26,69.26,0.73,12.76
228.31,18.67,79.13,0.58,14.19
127.84,26.17,97.03,0.82,15.43
125.38,19.78,76.04,0.81,14.37
199.57,22.11,84.62,0.82,14.93
162.49,34.77,70.38,0.54,17.27
175.49,20.42,78.05,0.42,16.53
198.95,26.48,44.26,0.78,10.19
222.5,28.51,55.26,0.51,11.5
84.5,29.94,61.71,0.3,21.18
93.9,27.51,68.35,0.83,16.17
23.5,18.17,42.74,0.86,17.2
144.57,23.55,48.4,0.52,16.42
8.99,26.8,56.61,0.21,26.68
116.4,19.49,98.29,0.46,18.68
135.66,23.96,59.88,0.79,12.72
71.64,18.56,68.92,0.87,15.92
147.71,19.34,51.77,0.31,16.35
7.63,24.75,76.65,0.2,23.72
9.34,20.26,56.84,0.85,18.2
205.65,27.65,52.42,0.46,13.75
90.05,29.72,70.99,0.58,16.33
31.77,31.61,40.33,0.92,17.72
130.56,21.4,40.46,0.2,18.38
192.5,20.85,53.14,0.67,8.6
53.96,19.78,42.2,0.21,25.24
155.72,28.82,46.48,0.45,18.24
21.34,30.01,60.33,0.79,18.74
12.92,18.54,88.16,0.5,21.46
132.84,33.92,74.32,0.95,12.04
135.16,18.88,70.76,0.6,18.3
159.36,27.2,57.61,0.41,19.58
181.52,30.05,95.91,0.33,16.87
243.96,32.81,63.82,0.43,14.97
129.08,30.14,45.23,0.45,18.02
80.74,31.63,77.02,0.2,19.71
198.8,23.77,46.83,0.45,14.05
67.71,31.85,60.71,0.52,19.91
109.74,19.36,70.44,0.73,15.07
19.61,33.21,92.45,0.68,20.14
6.34,27.31,69.61,0.72,20.24
240.66,31.89,82.14,0.16,15.59
209.0,25.69,99.57,0.32,15.41
173.99,28.94,47.89,0.68,12.46
102.24,26.95,56.48,0.54,16.88
43.32,30.44,63.67,0.15,21.63
39.11,19.39,65.31,0.79,19.52
62.56,19.03,64.66,0.77,14.14
137.31,22.2,94.46,0.59,17.64
178.65,20.71,82.84,0.2,19.34
165.05,32.82,76.47,0.76,13.48
69.98,21.73,58.56,0.62,14.45
238.72,34.59,89.43,0.78,10.43
184.47,23.73,97.3,0.75,12.7
138.59,21.1,89.27,0.79,12.66
152.93,31.42,40.09,0.56,15.17
104.9,29.2,78.18,0.26,22.46
61.93,26.47,43.07,0.69,19.35
88.99,27.44,55.46,0.65,16.25
189.46,30.23,43.57,0.74,10.59
3.6,21.88,76.23,0.29,23.17
29.02,34.94,81.2,0.31,22.82
11.5,34.57,46.87,0.86,20.11
10.18,29.06,63.03,0.75,19.24
213.87,21.39,67.37,0.88,11.27
175.91,29.56,62.14,0.76,16.29
118.54,19.23,47.26,0.63,17.42
24.46,18.52,65.14,0.67,19.49
122.9,22.38,85.07,0.86,14.04
118.37,25.86,44.26,0.61,16.12
43.3,32.76,44.81,0.66,21.43
108.46,30.36,61.29,0.28,19.04
99.63,30.63,96.5,0.53,18.38
153.96,25.23,80.11,0.72,14.4
158.77,23.88,80.72,0.37,16.16
11.33,24.31,61.72,0.31,21.21
93.65,34.79,75.62,0.4,20.27
156.46,18.68,40.61,0.34,16.84
125.78,32.74,78.17,0.32,19.78
214.12,27.84,94.8,0.49,13.11
164.67,25.46,76.75,0.88,14.51
40.73,30.33,92.42,0.56,19.13
17.64,26.27,83.44,0.3,25.77
160.6,32.85,47.23,0.21,15.9
6.63,33.31,94.15,0.71,21.4
146.44,25.17,43.99,0.46,17.46
235.06,22.71,72.04,0.81,9.08
143.87,28.07,48.53,0.68,15.86
97.04,33.51,40.7,0.79,18.42
160.82,21.58,65.32,0.37,13.38
114.56,28.59,57.7,0.7,16.97
136.4,28.74,69.16,0.36,14.35
235.37,30.46,74.63,0.9,8.45
96.53,20.24,42.62,0.66,19.32
240.3,30.17,47.38,0.41,12.75
226.34,33.45,73.52,0.37,12.93
48.95,21.05,60.59,0.3,21.38
17.34,22.04,83.75,0.71,22.86
25.19,34.51,79.14,0.32,20.37
4.56,21.08,90.74,0.63,19.28
23.61,32.52,81.55,0.36,25.03
170.75,26.37,65.8,0.68,16.84
17.8,22.2,80.38,0.8,18.83
79.74,32.8,56.52,0.77,15.41
211.22,25.57,58.38,0.76,14.9
5.82,26.75,87.34,0.3,26.1
203.62,24.11,66.79,0.22,17.31
70.46,28.08,87.9,0.71,16.69
29.54,20.78,89.35,0.44,21.23
174.18,24.65,91.45,0.5,15.06
157.24,34.48,95.0,0.17,19.53
219.37,22.39,65.86,0.36,16.66
183.77,29.16,59.13,0.18,19.01
200.87,23.53,74.93,0.85,9.7
70.51,31.15,62.27,0.34,23.04
44.36,20.22,76.06,0.6,19.94
187.65,34.49,82.34,0.18,18.8
201.71,25.71,81.3,0.68,14.95
247.63,22.01,62.47,0.41,11.26
103.15,19.25,50.01,0.87,14.84
93.0,20.89,65.83,0.86,14.64
194.1,26.84,48.56,0.41,12.94
85.2,23.73,93.41,0.87,16.33
232.69,32.09,60.75,0.95,13.49
214.6,25.33,49.27,0.81,8.44
107.25,22.23,41.53,0.83,15.17
187.72,28.49,78.75,0.35,17.08
188.64,30.02,78.21,0.61,14.25
25.78,20.84,60.44,0.2,23.21
225.64,20.85,44.3,0.23,13.26
126.31,18.62,64.58,0.95,13.63
206.61,30.52,58.67,0.41,13.84
80.01,29.28,80.63,0.75,13.99
223.88,26.07,76.35,0.8,12.78
97.3,32.35,61.88,0.84,17.47
2.71,31.7,53.07,0.95,18.97
226.35,27.95,99.28,0.34,14.94
22.82,32.76,67.24,0.18,25.88
79.83,21.5,81.3,0.48,19.39
237.52,19.9,48.43,0.25,15.82
237.65,22.59,69.14,0.17,14.83
143.36,18.97,41.65,0.44,18.68
157.96,27.03,70.33,0.78,14.3
112.11,33.92,97.84,0.6,17.68
73.3,18.67,63.05,0.4,17.89
82.17,20.08,42.34,0.67,17.76
168.13,25.69,41.86,0.34,15.63
188.09,33.88,63.28,0.16,16.92
197.89,23.37,49.6,0.76,10.94
197.4,26.62,41.4,0.65,11.64
22.8,18.71,85.37,0.76,22.13
123.61,20.52,67.51,0.18,21.63
14.39,34.77,57.35,0.82,22.49
137.38,34.41,94.0,0.65,14.23
110.38,18.08,46.97,0.6,16.79
221.93,34.18,97.36,0.65,10.69
87.73,28.87,58.84,0.84,15.16
29.27,32.75,93.3,0.62,19.13
35.75,25.73,76.18,0.61,21.8
190.38,26.77,89.6,0.94,10.59
154.55,26.31,99.04,0.76,15.69
25.28,29.34,57.3,0.5,22.33
21.03,20.37,97.67,0.72,22.91
175.24,18.51,63.37,0.46,13.01
18.19,23.23,63.13,0.33,24.66
205.47,29.98,60.42,0.63,14.98
176.56,21.43,72.48,0.89,10.41
20.34,29.45,49.25,0.89,20.02
21.21,34.49,73.22,0.42,22.99
246.66,19.6,72.5,0.57,11.2
93.57,29.43,85.71,0.32,18.94
92.66,25.54,90.02,0.95,13.92
203.2,32.76,66.43,0.93,14.11
236.81,21.01,58.14,0.67,11.22
246.5,29.77,55.56,0.79,11.45
188.34,32.25,51.68,0.72,12.12
94.06,34.06,43.46,0.62,16.77
20.88,29.62,60.55,0.19,25.73
194.29,26.45,56.21,0.51,12.42
139.6,28.5,97.99,0.69,14.7
106.06,32.77,73.46,0.69,16.91
226.59,27.7,60.84,0.45,13.9
27.8,18.52,74.83,0.9,17.32
123.16,33.83,48.35,0.28,20.09
2.84,29.72,66.64,0.55,23.01
117.17,29.5,77.57,0.7,17.27
14.08,21.67,69.33,0.71,18.38
29.7,29.2,64.11,0.67,19.49
29.38,24.7,99.63,0.37,23.89
162.3,29.07,92.82,0.27,19.1
186.51,19.81,77.4,0.66,11.2
145.84,29.18,74.16,0.63,16.12
240.54,34.99,77.24,0.29,11.81
93.72,18.82,52.08,0.71,16.55
71.43,34.61,63.71,0.51,22.61
217.15,24.92,42.37,0.68,10.66
55.9,32.8,68.53,0.82,16.59
240.81,31.3,72.58,0.29,15.79
3.04,27.64,53.66,0.17,22.62
242.47,30.55,97.84,0.77,9.69
10.79,32.93,94.57,0.64,22.01
222.79,24.87,83.33,0.71,10.7
131.93,23.56,72.0,0.82,13.98
248.24,29.35,92.2,0.79,11.32
18.45,31.73,47.84,0.92,19.13
138.46,30.96,87.43,0.58,16.78
242.33,31.56,47.49,0.54,12.05
130.77,25.4,87.65,0.47,17.82
157.35,31.9,56.55,0.27,17.93
173.94,20.04,92.63,0.61,14.87
113.64,27.26,96.64,0.37,18.1
156.89,18.1,48.93,0.89,12.26
146.08,23.52,67.76,0.62,13.92
225.29,24.23,98.86,0.62,12.15
11.36,24.73,69.0,0.43,21.09
70.24,29.82,91.81,0.19,20.48
237.6,24.61,75.32,0.18,15.71
222.57,25.63,62.52,0.49,13.79
113.91,22.04,57.15,0.22,20.98
155.03,24.35,52.19,0.64,14.29
69.35,21.86,85.71,0.85,17.09
47.03,19.24,63.19,0.86,18.06
115.92,28.26,70.68,0.68,17.03
88.34,29.36,69.54,0.32,19.14
145.91,28.53,74.64,0.84,14.09
19.43,25.88,91.93,0.86,19.19
243.6,24.46,98.84,0.31,14.03
246.55,32.68,64.46,0.74,7.72
174.54,26.82,89.65,0.38,16.57
134.02,26.15,85.87,0.79,17.93
77.38,18.44,74.41,0.95,14.7
203.45,23.8,97.36,0.17,15.57
171.18,24.46,52.03,0.87,12.99
40.65,24.78,46.56,0.65,19.9
227.73,27.86,91.24,0.93,11.64
205.63,27.07,66.35,0.52,12.07
237.45,28.33,90.82,0.83,11.39
181.43,31.0,93.59,0.2,18.58
153.35,31.82,43.75,0.42,16.9
104.56,30.21,93.01,0.2,21.21
233.18,34.24,66.9,0.93,11.49
216.52,18.31,70.63,0.8,12.13
11.3,21.33,77.6,0.83,17.24
6.59,18.13,95.58,0.9,19.67
94.12,29.01,41.15,0.22,20.84
202.64,33.27,68.61,0.46,15.0
246.82,22.14,81.26,0.21,14.69
37.6,33.76,83.36,0.32,22.41
148.53,19.02,81.55,0.33,19.13
95.22,33.89,48.07,0.53,18.56
242.48,23.98,57.96,0.36,11.9
210.53,19.72,61.52,0.23,15.13
209.58,26.26,88.27,0.28,15.93
117.17,22.37,56.73,0.27,21.13
103.7,22.84,52.64,0.93,15.47
68.35,23.22,97.45,0.76,16.09
14.09,31.65,40.53,0.92,22.35
216.18,27.17,99.87,0.5,14.09
203.23,23.29,80.61,0.37,16.97
249.93,28.38,89.71,0.79,9.88
249.16,30.17,57.68,0.41,14.05
138.86,22.63,40.86,0.39,18.72
192.25,25.03,84.27,0.34,17.7
236.19,20.07,90.05,0.25,16.11
212.41,21.08,84.43,0.36,16.02
61.84,29.58,48.57,0.43,20.06
112.64,21.08,85.21,0.69,15.18
32.29,26.93,86.14,0.2,23.95
238.51,30.05,79.51,0.32,15.81
151.54,19.82,85.97,0.8,13.22
57.16,27.64,90.76,0.27,23.55
167.93,22.36,76.82,0.42,18.19
154.53,34.37,45.32,0.84,12.43
89.54,26.22,69.26,0.27,19.28
28.39,31.7,44.66,0.22,23.51
167.89,27.35,64.45,0.54,15.81
130.08,18.74,64.43,0.39,16.81
193.08,28.76,43.96,0.6,15.94
130.04,34.17,60.93,0.79,15.8
213.05,28.23,46.66,0.26,15.87
137.98,31.93,88.49,0.61,14.01
140.23,33.03,96.86,0.55,14.63
219.16,21.88,44.34,0.27,15.63
100.87,21.6,97.31,0.65,13.65
33.5,28.39,71.35,0.37,23.65
7.2,24.99,57.97,0.54,21.4
188.78,32.28,44.61,0.22,22.2
155.08,33.3,70.04,0.52,19.78
176.02,24.01,87.67,0.4,15.73
53.24,22.03,82.43,0.81,17.35
34.09,31.27,43.01,0.2,25.13
3.64,22.67,44.37,0.48,24.66
87.65,31.98,64.17,0.52,16.5
147.48,25.2,57.72,0.73,11.84
98.06,29.35,53.94,0.61,16.74
109.37,19.62,56.86,0.68,17.01
226.04,28.61,88.21,0.77,11.96
87.06,25.68,95.75,0.84,17.69
128.5,27.97,64.31,0.4,16.25
195.91,20.86,94.37,0.58,10.09
99.14,30.53,59.29,0.82,17.27
155.52,32.67,68.59,0.94,11.64
215.59,21.68,53.56,0.86,7.54
237.38,19.63,78.43,0.45,13.13
36.77,18.4,98.74,0.31,23.19
231.65,28.91,76.21,0.54,12.66
123.03,28.32,61.47,0.74,14.86
64.56,27.29,78.87,0.54,19.19
114.78,21.94,47.38,0.54,16.66
245.01,24.65,93.32,0.82,7.85
123.15,28.11,70.19,0.44,16.89
82.19,26.45,66.96,0.84,17.11
158.35,34.79,75.15,0.48,17.08
60.04,20.32,77.49,0.41,20.57
18.97,29.82,44.31,0.51,20.13
32.22,24.87,80.96,0.76,18.6
32.01,25.28,54.52,0.25,19.71
37.98,30.2,82.84,0.31,22.8
34.71,29.77,89.35,0.91,19.95
160.22,34.85,88.24,0.29,15.8
45.47,20.18,73.15,0.6,18.48
86.42,19.77,71.21,0.61,18.12
224.2,30.31,48.57,0.54,15.09
118.49,27.83,86.52,0.67,15.65
166.89,22.66,56.28,0.33,15.75
43.08,19.35,69.8,0.59,16.55
48.07,19.46,57.06,0.45,20.62
10.22,33.2,48.03,0.68,23.88
42.23,21.26,77.77,0.26,22.69
69.65,23.5,43.26,0.61,18.5
44.25,21.85,84.92,0.3,22.42
22.18,24.03,59.06,0.37,22.31
30.16,19.18,40.01,0.32,20.93
115.19,26.82,70.67,0.3,20.6
51.58,19.15,42.81,0.81,17.75
91.07,31.61,56.57,0.38,19.94
125.85,21.97,82.42,0.89,12.47
172.6,27.18,43.76,0.93,14.0
9.83,32.96,90.36,0.61,22.4
199.85,29.06,40.23,0.26,15.51
156.98,27.06,54.81,0.45,17.98
20.44,23.51,84.45,0.79,18.31
218.39,23.66,58.98,0.44,12.72
230.22,29.38,46.11,0.22,14.36
15.27,34.9,61.61,0.6,18.71
69.22,29.25,56.22,0.83,17.79
201.55,27.48,90.56,0.79,9.27
187.06,30.42,58.8,0.29,14.88
46.13,25.91,87.34,0.69,15.83
52.34,19.02,93.51,0.33,21.12
92.62,27.56,66.03,0.32,19.85
121.13,34.28,94.6,0.85,14.58
154.56,20.98,62.64,0.35,15.5
92.23,29.73,97.84,0.36,18.15
115.63,21.42,45.36,0.15,20.94
186.87,27.11,81.22,0.85,11.28
9.17,19.64,69.63,0.78,19.82
63.11,25.66,63.26,0.65,17.22
178.34,30.85,77.96,0.75,13.68
223.8,23.91,82.23,0.27,17.03
127.92,29.3,40.26,0.52,18.09
133.03,31.52,50.02,0.43,17.19
26.79,33.76,82.78,0.23,24.2
111.85,21.99,79.98,0.54,16.95
133.15,24.79,97.96,0.89,13.83
60.62,20.59,85.66,0.18,21.66
67.31,34.87,97.05,0.38,20.74
94.32,33.76,82.15,0.32,20.7
5.02,27.18,57.88,0.34,21.94
80.52,32.31,46.32,0.88,14.86
52.86,26.86,86.91,0.52,17.95
81.87,28.6,78.65,0.52,16.57
29.94,19.52,42.89,0.76,16.88
222.63,30.84,61.6,0.27,15.69
148.4,20.17,97.41,0.54,14.41
169.78,32.04,70.02,0.49,16.63
197.29,31.29,65.96,0.63,13.7
124.61,30.05,67.46,0.95,10.97
21.73,18.61,52.53,0.77,19.92
134.28,23.15,62.12,0.47,18.26
146.71,22.47,62.19,0.81,12.27
186.36,24.12,43.14,0.29,17.09
107.91,19.49,86.05,0.17,18.98
31.9,33.93,64.99,0.31,23.06
70.94,27.41,89.33,0.42,18.26
90.77,23.19,91.02,0.56,15.37
161.48,24.75,52.72,0.64,14.07
142.69,25.6,79.44,0.88,13.36
89.02,28.21,68.34,0.56,17.79
246.63,26.77,92.81,0.55,10.29
151.44,33.63,52.94,0.19,18.5
59.31,26.45,80.67,0.18,22.93
25.45,34.87,76.47,0.59,20.93
38.21,32.47,57.72,0.5,21.36
61.49,21.54,48.2,0.82,16.04
40.17,33.82,79.1,0.28,24.61
46.64,19.98,84.32,0.17,21.01
71.27,31.9,58.94,0.51,20.4
43.34,24.47,78.69,0.34,23.54
224.19,32.93,63.71,0.19,16.88
20.06,32.76,82.79,0.73,19.69
131.13,31.7,51.95,0.24,18.63
102.6,31.43,93.41,0.64,18.93
245.59,23.18,57.24,0.37,11.2
28.01,19.38,62.07,0.29,21.08
99.46,24.85,43.49,0.45,18.04
242.37,20.95,46.69,0.79,11.88
216.38,29.81,70.95,0.46,14.7
204.27,23.88,56.06,0.75,10.57
64.48,34.59,90.13,0.25,21.68
42.72,28.9,40.88,0.77,17.67
167.16,31.98,62.75,0.34,16.13
232.34,20.25,60.24,0.69,12.65
139.19,32.65,41.16,0.6,14.19
142.9,33.69,47.46,0.89,16.23
69.99,26.28,64.82,0.46,21.08
192.37,28.31,69.57,0.2,18.73
46.76,31.0,64.26,0.17,22.66
80.92,20.97,71.86,0.81,16.1
106.36,26.54,75.71,0.57,15.36
126.9,24.78,40.6,0.77,14.21
60.6,20.49,67.85,0.34,21.64
28.71,24.25,97.81,0.43,23.6
152.66,19.16,71.14,0.17,16.8
72.16,18.44,80.65,0.92,15.13
145.31,20.3,58.71,0.68,14.5
38.59,34.37,86.44,0.9,15.91
120.29,27.34,86.38,0.36,19.54
133.15,34.42,71.28,0.64,15.2
12.96,25.35,98.56,0.69,19.91
84.15,23.3,47.53,0.4,18.89
33.6,26.6,41.02,0.83,17.17
15.84,25.47,86.21,0.91,18.37
247.49,19.8,88.43,0.86,8.9
80.59,28.89,47.21,0.74,16.73
202.47,21.67,55.93,0.37,13.92
63.66,28.53,41.05,0.38,21.36
170.38,29.05,57.6,0.92,14.75
190.06,20.58,86.39,0.16,17.37
148.91,19.04,71.08,0.72,15.71
117.89,31.27,60.89,0.71,14.04
102.96,25.82,62.3,0.65,17.22
87.22,18.99,40.08,0.94,13.28
232.38,34.91,57.99,0.4,12.04
207.65,18.98,78.79,0.42,13.16
241.26,29.82,98.45,0.21,16.92
31.07,34.72,90.82,0.5,22.88
182.72,22.07,41.42,0.36,16.29
234.59,20.42,93.91,0.42,10.94
45.31,20.06,86.99,0.82,17.36
16.62,23.16,86.82,0.9,18.76
185.28,19.72,67.48,0.3,16.45
143.62,29.77,63.88,0.45,14.39
210.46,19.06,58.17,0.89,9.06
34.94,26.66,43.94,0.2,23.24
198.82,34.94,53.69,0.22,17.81
50.41,31.84,54.8,0.28,19.04
40.91,28.46,69.04,0.63,19.53
41.07,23.21,84.85,0.27,22.57
203.64,28.61,68.43,0.92,12.16
166.3,26.96,43.47,0.51,16.68
130.77,25.24,97.47,0.55,17.5
89.71,20.22,96.56,0.35,18.44
219.3,33.07,87.11,0.53,10.81
98.11,25.65,99.48,0.68,16.33
204.15,21.31,72.67,0.75,13.39
109.78,24.25,97.77,0.75,17.89
94.24,25.04,44.54,0.61,18.65
115.67,32.07,61.94,0.87,15.63
75.34,30.47,53.52,0.8,17.65
186.9,31.08,51.75,0.76,12.2
125.68,18.19,48.45,0.19,19.13
58.05,25.07,77.34,0.16,25.19
224.89,26.18,86.88,0.32,13.34
95.97,18.33,74.7,0.68,19.05
135.89,22.42,48.82,0.48,16.37
226.62,30.92,88.67,0.47,15.69
156.06,20.33,78.16,0.86,10.8
29.22,27.1,63.29,0.87,19.13
234.96,21.66,80.45,0.88,8.56
156.93,18.21,55.59,0.4,14.3
83.73,22.1,60.71,0.7,17.46
34.82,34.59,95.05,0.37,23.91
198.51,31.63,57.43,0.3,14.95
155.02,34.31,68.2,0.3,15.88
133.37,26.29,93.41,0.42,17.45
223.47,19.87,82.46,0.49,12.97
197.15,27.32,43.73,0.81,12.78
37.92,25.72,48.84,0.25,24.23
77.93,32.35,40.47,0.74,17.51
62.12,19.67,77.86,0.58,21.68
185.99,26.3,66.86,0.38,16.17
8.38,20.55,48.06,0.54,20.82
142.47,23.52,97.48,0.39,14.94
190.61,30.54,71.78,0.63,13.49
219.19,26.09,54.51,0.5,13.06
85.52,24.39,70.04,0.28,21.99
205.31,24.71,80.78,0.24,16.77
27.66,25.81,44.57,0.59,18.72
211.61,31.35,56.48,0.87,11.39
31.87,33.17,88.42,0.43,22.99
99.32,34.24,67.58,0.74,19.14
199.32,31.38,72.79,0.68,14.51
37.48,23.36,65.97,0.9,18.65
57.31,29.7,42.63,0.81,17.83
180.56,25.44,49.94,0.6,14.81
180.01,22.33,66.73,0.68,15.39
160.29,32.29,52.55,0.87,11.25
173.49,18.65,43.0,0.47,14.71
135.68,33.33,90.62,0.41,16.79
62.95,25.85,98.87,0.16,23.07
86.42,28.83,87.59,0.81,18.34
45.4,29.21,91.23,0.79,17.42
227.11,33.22,54.52,0.23,12.12
145.85,28.82,97.64,0.61,15.1
100.21,28.44,51.82,0.52,19.61
115.5,19.13,97.09,0.24,20.18
236.82,26.81,99.69,0.93,10.03
38.34,20.55,82.7,0.32,21.5
146.56,30.54,98.87,0.2,17.12
126.47,26.71,74.17,0.63,17.04
152.86,29.56,55.57,0.74,13.18
4.53,18.71,66.22,0.18,27.62
218.03,19.44,75.61,0.68,12.69
233.03,30.18,44.38,0.58,11.71
141.28,19.23,77.34,0.23,17.53
174.16,19.21,98.87,0.29,16.55
230.62,18.21,51.41,0.6,11.49
176.81,34.26,87.56,0.39,18.22
38.13,30.54,94.47,0.9,18.08
144.07,24.01,96.62,0.8,12.9
151.68,23.04,97.61,0.94,15.43
106.03,23.94,71.29,0.36,19.17
184.11,31.17,98.64,0.93,12.94
233.59,29.24,85.44,0.49,12.25
231.39,21.15,49.7,0.43,13.92
112.71,20.96,68.61,0.19,20.48
28.31,19.67,83.1,0.19,20.48
246.21,29.23,54.84,0.7,14.01
209.72,30.99,78.44,0.52,15.97
31.17,22.51,80.0,0.33,21.63
230.21,18.36,49.76,0.64,9.93
217.47,19.4,73.91,0.35,14.97
129.71,34.45,86.3,0.61,16.77
147.82,23.02,69.93,0.44,17.27
99.75,31.08,40.73,0.81,16.38
13.69,28.62,40.54,0.81,20.19
83.8,24.49,61.42,0.53,20.79
200.71,21.5,95.57,0.43,15.45
1.16,20.06,53.72,0.44,20.86
83.37,28.46,78.06,0.79,18.78
99.54,31.17,53.32,0.41,21.74
134.35,28.95,59.3,0.32,23.26
229.96,27.02,90.88,0.22,13.72
86.59,18.71,83.73,0.52,18.65
86.74,34.46,45.72,0.54,15.84
184.38,31.58,65.72,0.82,13.45
113.05,22.98,41.75,0.33,18.19
56.15,34.66,68.85,0.45,23.73
113.11,28.23,79.75,0.8,14.35
35.21,27.9,47.11,0.81,15.98
44.1,30.72,57.33,0.46,20.4
124.59,31.8,63.87,0.52,14.5
104.73,29.16,95.17,0.39,20.25
228.71,20.18,99.6,0.9,6.59
90.6,23.75,42.69,0.24,20.65
145.15,33.78,85.66,0.9,10.59
158.07,21.82,62.3,0.7,13.71
3.27,24.33,63.55,0.58,23.95
165.88,25.35,85.26,0.18,18.76
44.51,25.47,95.11,0.53,18.95
240.27,28.42,97.06,0.48,12.95
37.17,34.03,74.63,0.28,23.01
103.66,22.09,61.43,0.68,17.27
21.34,20.07,87.25,0.93,15.68
249.22,21.36,55.06,0.6,12.19
125.55,33.08,73.84,0.72,11.8
148.85,28.98,61.51,0.2,17.91
16.77,22.86,79.4,0.48,20.87
187.49,31.87,54.42,0.24,18.1
52.48,32.64,51.5,0.64,19.45
224.51,32.39,95.09,0.9,8.32
51.28,33.62,46.11,0.68,17.72
47.67,22.29,70.36,0.21,22.81
9.14,30.84,53.25,0.43,22.59
118.02,25.83,42.34,0.59,15.98
141.21,32.31,42.16,0.47,16.47
16.43,30.38,50.51,0.82,20.37
193.88,31.2,92.01,0.8,11.61
113.32,29.15,56.95,0.64,16.68
131.1,21.02,97.03,0.45,20.47
110.19,27.27,74.9,0.35,16.99
100.19,34.74,66.2,0.23,18.07
139.91,33.94,74.81,0.43,18.8
38.81,18.73,71.0,0.48,19.52
45.48,20.8,85.53,0.69,18.22
215.45,20.24,56.95,0.68,10.81
236.53,30.34,61.18,0.21,15.02
93.33,31.9,93.65,0.47,21.53
67.69,21.63,96.79,0.3,22.21
161.0,26.6,93.55,0.28,18.98
102.18,32.29,65.17,0.81,13.91
6.35,30.46,86.82,0.18,23.07
39.04,27.22,68.58,0.49,16.66
178.99,28.04,69.85,0.28,15.75
164.73,26.64,52.28,0.85,14.35
6.77,23.06,75.47,0.6,21.89
55.49,27.61,51.17,0.34,21.15
57.77,29.71,59.89,0.55,19.73
167.97,32.85,91.3,0.74,13.01
4.93,28.82,52.42,0.92,19.22
26.03,30.94,44.27,0.33,24.04
199.98,20.72,44.14,0.86,8.74
44.64,25.85,96.45,0.9,17.78
163.19,18.16,70.42,0.88,13.71
59.55,22.19,64.56,0.66,17.84
24.86,30.35,88.65,0.65,21.34
60.79,34.86,90.15,0.47,24.75
180.57,19.69,59.93,0.75,12.59
213.92,24.83,81.62,0.58,13.67
207.55,31.6,86.27,0.69,11.64
99.3,21.47,79.28,0.49,18.43
167.02,27.44,49.1,0.74,14.5
51.25,30.46,92.55,0.81,18.29
73.29,28.47,72.35,0.27,19.83
224.08,21.2,56.95,0.82,10.88
3.25,24.04,65.51,0.58,23.61
21.38,31.32,42.25,0.83,19.78
51.97,27.42,47.67,0.5,21.77
6.63,18.09,85.93,0.45,21.66
45.36,30.94,40.0,0.88,18.8
145.76,18.6,64.99,0.35,17.71
105.36,30.68,71.35,0.83,14.29
223.17,21.44,43.28,0.54,13.33
204.36,34.29,98.38,0.56,12.56
85.45,24.25,53.57,0.4,18.67
64.86,23.56,58.25,0.61,19.0
94.92,20.53,58.24,0.41,19.39
147.57,23.2,53.82,0.18,17.02
67.02,32.9,40.09,0.37,22.6
156.04,34.94,83.76,0.16,20.12
102.35,24.26,98.01,0.93,13.6
138.01,25.63,53.46,0.92,11.07
109.03,30.28,79.78,0.47,18.21
73.62,33.07,84.51,0.73,17.18
237.11,28.08,90.91,0.43,13.68
190.9,24.66,65.36,0.69,12.56
35.03,25.01,58.18,0.79,15.48
217.12,29.83,59.52,0.91,9.96
121.86,18.05,82.76,0.47,16.81
223.64,28.53,89.01,0.78,12.22
199.96,24.04,50.9,0.36,14.25
106.3,31.5,62.26,0.94,17.3
5.62,19.58,94.12,0.17,21.52
67.17,28.0,88.4,0.63,20.62
135.41,26.18,99.09,0.68,15.14
158.37,28.92,85.25,0.7,15.8
64.47,19.1,63.59,0.25,21.53
34.84,27.86,75.44,0.9,19.5
208.73,27.55,79.66,0.29,15.09
246.1,27.53,44.71,0.65,9.7
131.42,28.26,72.67,0.33,20.66
42.92,29.5,82.56,0.4,21.42
68.08,31.68,50.04,0.59,19.5
4.6,22.59,86.84,0.48,23.93
228.57,32.03,75.03,0.28,13.68
29.44,26.47,97.13,0.29,23.75
144.13,19.31,42.55,0.48,15.44
68.51,19.0,55.92,0.76,16.96
138.54,23.68,76.09,0.87,13.8
162.86,31.34,57.79,0.22,16.06
207.44,30.03,82.87,0.46,13.32
51.61,31.41,85.54,0.23,24.69
2.75,26.79,46.15,0.16,26.25
34.22,25.48,70.83,0.68,19.38
225.0,20.51,70.53,0.63,12.33
218.47,23.58,62.16,0.28,14.76
149.35,25.38,95.98,0.34,19.63
150.13,19.51,89.65,0.17,18.32
166.26,21.75,81.83,0.82,13.24
43.84,28.17,82.86,0.93,18.94
228.6,30.51,67.7,0.26,14.15
104.69,34.97,95.26,0.34,22.22
95.78,33.86,81.68,0.84,13.81
129.73,28.92,83.74,0.89,16.57
11.74,25.16,91.7,0.49,21.34
41.57,28.82,56.44,0.19,22.89
184.51,31.36,88.42,0.18,14.9
20.7,20.01,51.71,0.61,19.62
150.79,24.97,60.72,0.46,14.94
61.34,32.28,60.14,0.17,21.87
97.32,24.53,98.71,0.62,17.19
72.17,27.72,91.39,0.16,23.66
88.92,27.99,82.07,0.78,16.92
179.76,21.14,83.62,0.4,16.17
74.28,24.16,73.72,0.18,20.14
141.6,23.69,96.83,0.62,14.23
119.01,18.45,69.78,0.47,20.11
165.92,18.41,62.83,0.93,10.75
234.21,32.14,49.78,0.59,15.04
183.14,22.64,87.17,0.37,15.48
53.74,26.81,84.07,0.72,18.45
7.8,23.08,63.06,0.37,24.51
65.57,33.99,41.51,0.87,19.0
148.77,22.41,90.34,0.45,16.41
12.86,25.3,40.69,0.59,20.45
124.09,32.84,82.22,0.19,20.07
149.21,32.31,98.22,0.49,17.23
83.56,21.16,66.26,0.82,17.53
192.73,31.64,54.1,0.79,12.52
26.65,25.79,82.29,0.33,23.52
18.78,26.21,89.03,0.33,25.37
182.05,20.27,72.79,0.8,12.87
123.87,19.37,98.02,0.89,14.33
172.1,30.37,43.1,0.23,15.55
108.71,26.44,70.29,0.51,13.95
61.6,25.43,83.11,0.42,21.03
204.78,30.4,91.76,0.85,11.41
199.85,31.01,50.76,0.22,16.05
173.67,20.7,88.0,0.32,16.9
68.04,28.37,73.16,0.75,17.59
147.56,20.3,63.79,0.19,20.28
90.24,30.77,47.9,0.54,18.71
22.9,29.17,91.92,0.5,20.39
229.33,34.26,49.44,0.42,15.69
34.2,19.17,58.59,0.47,20.54
237.56,18.97,57.4,0.57,12.64
111.5,22.8,92.28,0.28,18.73
